material,temperature,ph,co2_pressure,h2s_concentration,flow_rate,chloride_content,corrosion_rate,risk_level
stainless_316,89.8,4.52,2.6,130.9,6.71,33635.0,0.5223,high
alloy_c276,73.6,6.48,2.401,123.5,6.23,39834.0,0.0064,low
duplex_2507,51.0,8.3,0.138,453.1,4.8,12523.0,0.0017,low
super_13cr,101.4,7.53,1.713,124.8,7.67,31244.0,0.2103,medium
carbon_steel,88.5,7.94,1.907,136.0,2.0,28587.0,1.3923,severe
carbon_steel,36.3,7.12,2.0,379.7,1.32,41642.0,0.1763,medium
carbon_steel,111.1,7.31,2.905,224.9,6.9,45304.0,7.8091,severe
alloy_625,102.3,8.17,2.673,388.4,3.79,608.0,0.0302,low
super_13cr,115.0,4.87,3.043,32.7,6.85,33701.0,1.0922,severe
duplex_2205,92.6,6.19,3.827,243.8,7.2,2592.0,0.159,medium
carbon_steel,81.3,4.72,4.067,16.8,0.97,27443.0,2.7503,severe
titanium,61.8,8.93,3.593,31.3,7.13,14382.0,0.001,low
alloy_825,113.3,8.69,4.778,453.2,3.86,15339.0,0.211,medium
carbon_steel,106.6,3.72,0.101,69.6,4.33,17648.0,1.1952,severe
carbon_steel,24.5,7.38,0.987,266.2,5.2,31065.0,0.0858,low
carbon_steel,22.6,8.59,0.048,205.5,7.45,16702.0,0.0122,low
stainless_316,57.6,4.49,3.241,173.7,0.64,36635.0,0.0914,low
13cr,101.1,6.62,4.491,449.9,4.08,20226.0,0.6911,high
stainless_316,118.7,8.54,1.225,10.9,5.66,3418.0,0.2916,medium
carbon_steel,35.0,3.69,4.636,331.9,5.92,39188.0,1.0294,severe
super_13cr,79.4,7.34,0.311,481.7,5.69,14288.0,0.0276,low
carbon_steel,58.1,5.14,4.673,280.1,1.51,21638.0,1.032,severe
carbon_steel,117.0,8.58,1.765,468.4,2.75,34272.0,3.8284,severe
stainless_316,104.2,8.84,0.516,26.1,3.19,16623.0,0.0774,low
13cr,103.8,8.69,2.435,209.4,6.53,2829.0,0.5176,high
duplex_2507,66.9,6.11,1.291,130.1,2.59,18696.0,0.008,low
carbon_steel,61.5,8.24,1.432,365.4,2.08,47222.0,0.4193,medium
13cr,47.3,8.15,1.543,490.6,7.68,32087.0,0.0623,low
super_13cr,25.6,5.26,4.017,128.3,0.57,33574.0,0.0201,low
carbon_steel,106.5,8.06,2.7,327.1,7.98,31614.0,6.0063,severe
super_13cr,101.3,3.7,1.563,99.0,5.58,9950.0,0.4516,medium
carbon_steel,120.0,6.78,3.056,282.7,6.71,20917.0,9.6989,severe
carbon_steel,119.7,4.77,3.584,232.0,2.71,37547.0,10.0,severe
alloy_c276,75.5,4.16,1.37,486.0,0.61,5069.0,0.0073,low
titanium,96.9,3.92,2.074,304.3,6.03,13893.0,0.0085,low
alloy_825,114.5,7.33,0.618,174.8,6.76,13816.0,0.052,low
stainless_316,105.0,5.37,0.914,57.0,6.05,21601.0,0.2719,medium
carbon_steel,44.7,7.49,3.409,75.6,1.57,49018.0,0.285,medium
duplex_2205,65.1,3.86,0.915,112.7,6.15,3375.0,0.0509,low
stainless_316,32.9,5.23,2.631,125.5,6.27,25935.0,0.0307,low
carbon_steel,115.4,6.47,3.548,425.3,5.44,8968.0,6.928,severe
13cr,80.6,7.85,0.543,280.6,6.25,48534.0,0.109,medium
carbon_steel,42.9,5.25,2.841,261.7,6.84,5665.0,0.5221,high
alloy_625,87.2,6.94,1.29,57.4,5.1,20180.0,0.0106,low
carbon_steel,81.8,8.37,4.815,430.1,1.16,36894.0,2.3305,severe
duplex_2205,55.8,6.89,2.423,361.4,4.16,35228.0,0.021,low
stainless_316,31.4,4.78,4.032,33.8,1.08,21136.0,0.0296,low
13cr,87.2,3.63,2.756,353.9,3.56,17326.0,0.7593,high
13cr,72.0,8.29,0.227,271.8,3.55,19881.0,0.0234,low
carbon_steel,97.2,3.62,3.169,40.9,1.0,13214.0,6.5482,severe
titanium,72.0,8.31,4.758,229.2,3.12,10267.0,0.0015,low
duplex_2507,105.2,6.41,3.012,242.3,1.33,24152.0,0.0747,low
alloy_c276,75.2,8.66,4.098,82.9,6.56,13427.0,0.0085,low
alloy_625,76.1,7.89,4.422,472.8,7.61,14373.0,0.0246,low
super_13cr,107.7,8.99,1.148,425.0,1.04,32838.0,0.1454,medium
alloy_c276,60.3,5.43,1.068,334.5,7.66,48427.0,0.0036,low
carbon_steel,33.4,7.72,3.059,231.1,4.42,30182.0,0.2021,medium
carbon_steel,22.9,5.71,2.061,205.9,2.75,3849.0,0.0953,low
carbon_steel,95.5,6.14,4.201,325.5,1.08,3779.0,2.4589,severe
stainless_316,82.0,6.95,4.501,272.7,4.25,47571.0,0.2282,medium
stainless_316,90.4,8.31,1.774,31.1,6.46,14865.0,0.1641,medium
carbon_steel,41.3,8.91,1.192,256.3,5.8,4603.0,0.1884,medium
alloy_825,33.6,7.73,3.905,403.2,0.88,29952.0,0.005,low
stainless_316,21.5,5.8,1.381,229.6,1.05,31182.0,0.0071,low
carbon_steel,55.1,5.82,4.115,26.0,3.52,32425.0,0.5589,high
13cr,79.0,7.56,2.124,393.1,2.71,13370.0,0.1553,medium
carbon_steel,59.2,4.81,3.341,100.7,2.24,756.0,0.8554,high
alloy_825,63.7,4.11,0.487,129.3,2.61,48251.0,0.0117,low
carbon_steel,110.4,5.45,3.123,82.4,6.53,12545.0,8.6623,severe
titanium,54.8,5.08,2.264,165.1,7.47,33801.0,0.0013,low
duplex_2507,71.4,5.13,2.937,378.4,3.54,35331.0,0.0399,low
carbon_steel,98.4,4.78,0.848,259.7,7.3,30500.0,3.7648,severe
carbon_steel,59.7,3.73,3.687,102.4,2.91,15645.0,1.5317,severe
alloy_825,82.2,3.6,4.315,438.9,4.07,13555.0,0.1781,medium
duplex_2205,106.2,8.93,1.092,439.8,2.2,29883.0,0.1109,medium
duplex_2205,115.0,5.85,0.488,435.3,5.3,43305.0,0.119,medium
duplex_2507,34.7,5.61,0.128,119.4,7.84,47337.0,0.0012,low
carbon_steel,112.7,7.24,3.213,225.6,5.03,5295.0,5.4789,severe
stainless_316,69.2,4.7,3.039,492.5,3.18,7741.0,0.1829,medium
carbon_steel,45.8,8.72,2.738,386.0,5.36,47237.0,0.4245,medium
alloy_625,65.9,7.82,1.167,13.6,1.42,36827.0,0.0032,low
super_13cr,118.0,3.99,1.961,32.6,7.16,44150.0,1.3164,severe
stainless_316,69.3,5.8,2.976,232.0,4.27,10132.0,0.0947,low
carbon_steel,52.9,8.34,2.489,454.6,3.87,29379.0,0.4686,medium
stainless_316,83.3,8.7,4.939,269.4,4.89,35057.0,0.261,medium
stainless_316,44.0,6.07,0.691,248.9,5.19,34006.0,0.0131,low
duplex_2205,27.6,6.87,3.479,52.7,1.04,20408.0,0.0066,low
super_13cr,32.9,4.42,2.028,328.4,5.62,770.0,0.0319,low
alloy_625,32.8,8.95,2.147,411.1,2.31,29146.0,0.0013,low
13cr,35.2,4.77,3.591,190.2,5.85,12655.0,0.0759,low
carbon_steel,33.9,8.69,3.465,387.8,6.67,22513.0,0.3676,medium
duplex_2205,84.1,7.07,4.956,482.2,6.53,47879.0,0.1732,medium
duplex_2507,38.2,6.84,0.651,101.9,4.64,19952.0,0.0022,low
13cr,54.6,6.32,0.53,261.7,4.4,41990.0,0.0249,low
duplex_2507,109.7,4.77,3.624,143.6,1.57,9427.0,0.1979,medium
13cr,67.4,4.47,2.896,396.4,6.32,33623.0,0.3962,medium
13cr,86.8,4.71,1.378,288.8,2.54,48850.0,0.3037,medium
stainless_316,37.2,4.53,0.406,317.3,4.23,5095.0,0.0135,low
carbon_steel,39.2,7.79,0.437,399.0,2.63,416.0,0.0578,low
carbon_steel,24.1,5.43,4.472,198.0,1.5,21679.0,0.2247,medium
carbon_steel,36.9,3.82,0.967,457.5,5.22,4631.0,0.3175,medium
super_13cr,47.9,8.83,1.624,266.5,0.91,37419.0,0.0167,low
stainless_316,37.7,8.36,1.141,79.0,6.11,45727.0,0.0142,low
13cr,28.9,8.6,1.781,347.9,2.88,21701.0,0.0148,low
alloy_625,32.1,8.97,0.356,396.6,0.5,12936.0,0.001,low
carbon_steel,66.1,4.46,2.6,158.4,4.33,21720.0,1.3663,severe
stainless_316,40.6,5.68,0.347,428.6,0.85,36172.0,0.0087,low
duplex_2507,56.4,7.67,4.004,453.1,2.57,453.0,0.0123,low
carbon_steel,70.3,7.33,1.176,138.5,5.8,29473.0,0.6596,high
carbon_steel,89.0,4.35,2.705,491.8,0.97,30665.0,5.1428,severe
carbon_steel,23.9,7.99,4.402,70.4,6.8,31884.0,0.2235,medium
carbon_steel,99.9,4.73,3.258,101.0,0.53,12101.0,4.6243,severe
alloy_c276,82.8,4.73,2.669,92.1,2.35,35703.0,0.0119,low
alloy_825,28.2,6.45,1.628,447.0,6.06,4570.0,0.0038,low
super_13cr,107.4,6.76,1.672,327.1,2.87,9964.0,0.1742,medium
alloy_625,112.1,6.69,3.351,76.1,1.26,43874.0,0.0395,low
alloy_825,26.1,4.0,4.971,220.2,3.2,36936.0,0.0125,low
carbon_steel,47.7,8.33,3.313,307.6,2.53,687.0,0.3434,medium
alloy_625,100.6,4.96,2.793,41.7,6.82,12419.0,0.0723,low
13cr,94.8,4.21,3.656,441.2,2.85,10720.0,0.8918,high
alloy_825,38.5,8.39,2.331,401.8,6.42,13540.0,0.0075,low
alloy_625,40.9,8.76,0.31,252.6,7.19,12378.0,0.001,low
stainless_316,57.0,8.24,2.816,483.6,3.75,3126.0,0.0443,low
carbon_steel,68.5,7.95,4.789,208.9,7.32,22947.0,1.7962,severe
carbon_steel,81.8,7.1,0.885,492.1,3.33,36637.0,0.6745,high
stainless_316,56.9,6.53,3.453,334.0,7.73,30337.0,0.0811,low
alloy_825,66.3,3.98,1.013,317.3,1.17,33644.0,0.0191,low
alloy_625,94.7,5.75,2.684,83.0,5.65,4057.0,0.0332,low
carbon_steel,23.7,5.55,0.492,441.0,4.2,47575.0,0.0711,low
13cr,45.2,4.93,2.257,213.7,3.41,41925.0,0.0745,low
stainless_316,91.3,7.48,3.783,81.1,5.25,40255.0,0.3207,medium
carbon_steel,109.5,6.23,1.744,6.3,5.78,41149.0,3.2072,severe
carbon_steel,71.2,3.95,3.328,279.9,0.53,46636.0,2.5649,severe
stainless_316,73.2,4.71,3.979,263.7,1.75,27213.0,0.2187,medium
alloy_c276,30.7,7.26,4.637,359.7,5.85,10014.0,0.0013,low
stainless_316,64.7,3.92,1.181,445.1,5.5,30839.0,0.1357,medium
13cr,73.3,8.18,2.003,39.7,7.75,37144.0,0.1888,medium
duplex_2205,44.2,6.22,0.771,365.7,6.21,36896.0,0.0077,low
stainless_316,46.9,6.14,4.962,93.7,7.63,26072.0,0.0618,low
titanium,57.7,6.76,4.636,429.1,5.77,3423.0,0.001,low
titanium,22.0,8.04,2.704,409.5,2.74,18556.0,0.001,low
carbon_steel,52.2,5.41,4.212,270.4,1.29,46038.0,0.8287,high
13cr,41.1,7.23,2.61,355.1,6.36,29222.0,0.0524,low
stainless_316,52.7,6.61,3.122,157.2,5.33,26917.0,0.0493,low
carbon_steel,32.0,4.97,0.455,235.6,0.86,13443.0,0.0871,low
carbon_steel,109.1,8.33,3.779,410.8,3.2,18422.0,4.4103,severe
super_13cr,79.4,7.89,0.647,229.6,7.68,44767.0,0.0582,low
13cr,87.9,7.12,4.132,178.9,4.25,33323.0,0.3707,medium
carbon_steel,98.9,8.18,3.912,247.1,3.75,39369.0,3.8275,severe
carbon_steel,69.8,8.27,3.547,414.1,3.93,22717.0,1.2423,severe
alloy_625,28.7,7.4,0.19,167.6,2.07,31512.0,0.001,low
carbon_steel,73.7,8.1,1.523,86.9,3.27,12419.0,0.5249,high
carbon_steel,78.7,7.34,1.323,356.0,3.27,35273.0,0.8473,high
13cr,94.5,7.24,1.807,413.0,0.89,21380.0,0.2321,medium
titanium,63.2,6.9,0.447,50.3,6.26,22127.0,0.001,low
carbon_steel,32.8,7.64,4.685,119.9,3.62,32466.0,0.219,medium
duplex_2205,48.4,4.37,2.773,71.0,6.67,46814.0,0.0502,low
duplex_2507,56.3,8.34,1.535,174.0,6.88,3200.0,0.0096,low
carbon_steel,84.6,8.3,1.991,225.2,2.09,41237.0,1.2385,severe
duplex_2205,77.1,3.66,2.242,374.4,5.43,14619.0,0.2025,medium
stainless_316,55.6,8.04,3.007,325.6,4.04,22196.0,0.0498,low
super_13cr,118.7,4.21,2.583,310.5,7.1,1096.0,1.3548,severe
super_13cr,80.6,5.34,4.598,176.2,2.12,15052.0,0.1553,medium
13cr,43.7,7.59,2.49,420.7,5.58,25132.0,0.0458,low
carbon_steel,30.2,4.38,4.961,235.6,5.06,2809.0,0.5942,high
alloy_825,35.3,8.0,4.259,489.6,2.71,24555.0,0.0066,low
stainless_316,44.6,8.08,1.05,317.1,1.52,46356.0,0.0167,low
carbon_steel,36.1,6.29,4.654,63.1,5.39,5270.0,0.2681,medium
carbon_steel,38.7,3.54,0.591,338.1,6.04,38222.0,0.2975,medium
super_13cr,48.5,5.08,4.089,162.6,2.87,20484.0,0.0474,low
duplex_2205,37.3,6.89,1.909,343.2,5.34,32759.0,0.0102,low
carbon_steel,109.7,8.9,4.391,34.8,3.46,13012.0,4.0092,severe
13cr,28.0,6.97,4.342,87.4,5.85,7975.0,0.035,low
carbon_steel,72.5,4.93,4.032,427.9,1.99,8023.0,1.8196,severe
super_13cr,61.0,6.99,3.952,113.6,7.18,3525.0,0.0667,low
carbon_steel,118.2,6.47,1.53,418.5,2.66,9282.0,3.2465,severe
duplex_2205,31.2,7.79,0.414,139.6,3.26,33211.0,0.0019,low
stainless_316,59.8,4.09,2.021,321.4,0.94,44085.0,0.1006,medium
alloy_c276,116.9,7.69,0.876,347.1,1.34,40706.0,0.0135,low
carbon_steel,106.6,6.48,3.478,256.3,4.37,34257.0,4.7221,severe
stainless_316,101.7,8.8,1.737,152.7,2.51,5522.0,0.1946,medium
carbon_steel,45.8,5.38,4.878,106.3,6.77,14459.0,0.738,high
alloy_c276,37.1,6.98,3.208,16.6,0.61,15490.0,0.001,low
alloy_625,86.9,8.63,4.114,152.0,3.34,12498.0,0.018,low
carbon_steel,112.9,4.06,0.671,326.6,3.03,25750.0,4.5739,severe
duplex_2205,75.7,8.65,4.311,469.2,0.64,26778.0,0.0748,low
alloy_825,77.2,7.28,4.615,435.6,1.43,17844.0,0.0441,low
13cr,48.0,3.87,2.44,383.0,3.6,17689.0,0.1214,medium
13cr,96.9,5.16,3.035,394.2,4.2,41428.0,0.7322,high
carbon_steel,38.7,7.39,3.826,332.5,3.53,39465.0,0.26,medium
carbon_steel,52.4,3.87,0.882,130.1,4.48,15390.0,0.5351,high
alloy_625,62.5,6.7,2.518,453.6,4.96,45689.0,0.0076,low
alloy_625,70.8,5.4,1.999,335.4,0.57,47641.0,0.0113,low
super_13cr,44.2,6.92,0.74,280.2,3.98,16337.0,0.0083,low
stainless_316,31.5,3.75,1.844,55.5,7.73,17721.0,0.0465,low
stainless_316,81.1,8.29,0.35,223.5,4.39,25282.0,0.0316,low
duplex_2205,48.9,8.85,0.139,230.2,5.58,47056.0,0.0035,low
alloy_625,78.1,8.83,0.684,432.3,2.84,43816.0,0.0052,low
alloy_625,35.4,7.62,4.816,273.3,6.3,5128.0,0.0042,low
duplex_2507,68.1,4.22,2.752,190.2,6.3,19637.0,0.0549,low
super_13cr,73.3,7.67,4.829,488.4,4.41,27669.0,0.135,medium
carbon_steel,25.2,3.64,2.168,55.4,7.82,25157.0,0.4661,medium
carbon_steel,53.7,3.62,1.566,211.3,1.44,9693.0,0.6375,high
alloy_625,33.4,5.28,2.536,21.0,0.63,42941.0,0.0026,low
super_13cr,26.3,6.19,2.203,370.0,6.28,33847.0,0.0146,low
carbon_steel,119.0,7.74,0.537,459.0,6.55,41895.0,3.4693,severe
carbon_steel,52.2,7.26,3.208,140.0,1.4,42938.0,0.4144,medium
duplex_2205,101.0,5.95,1.088,429.2,2.49,37418.0,0.0808,low
carbon_steel,45.5,5.0,3.102,146.1,0.63,21961.0,0.4569,medium
carbon_steel,88.2,8.98,3.255,455.4,2.7,30527.0,2.3714,severe
13cr,96.0,5.84,0.769,377.0,6.3,8018.0,0.2062,medium
duplex_2205,79.6,5.98,0.316,402.5,4.38,33682.0,0.0196,low
duplex_2205,67.2,4.4,3.906,9.0,3.11,8963.0,0.0839,low
carbon_steel,61.2,7.87,2.304,481.4,3.29,34697.0,0.545,high
duplex_2205,54.9,7.32,0.3,363.3,0.51,11480.0,0.005,low
carbon_steel,113.0,4.71,4.974,152.4,2.75,5878.0,10.0,severe
stainless_316,103.1,3.95,0.298,414.7,5.35,8264.0,0.2296,medium
duplex_2507,116.5,7.24,3.478,140.8,7.81,100.0,0.1785,medium
super_13cr,32.4,7.1,4.919,436.4,6.85,35937.0,0.031,low
alloy_825,93.1,5.0,1.204,56.3,0.68,36620.0,0.0451,low
duplex_2205,113.8,8.73,0.72,351.8,7.24,25747.0,0.1447,medium
13cr,38.1,4.33,0.616,270.3,6.37,8068.0,0.0405,low
carbon_steel,26.6,5.88,1.523,48.3,6.35,4178.0,0.1283,medium
stainless_316,94.1,8.69,0.514,120.9,3.93,956.0,0.0597,low
carbon_steel,77.4,5.81,3.464,6.2,3.49,8287.0,1.192,severe
carbon_steel,104.2,7.01,0.321,234.4,2.77,44543.0,0.8697,high
titanium,34.0,5.69,2.552,150.6,0.99,12077.0,0.001,low
stainless_316,99.5,5.01,4.984,299.2,2.21,17714.0,0.6023,high
alloy_625,40.2,8.91,4.072,148.6,2.35,5267.0,0.0022,low
super_13cr,36.4,5.75,3.08,150.0,4.13,11118.0,0.0196,low
alloy_825,36.4,8.42,1.538,371.6,6.11,25961.0,0.0044,low
13cr,101.5,4.76,3.123,24.1,4.05,30388.0,1.0672,severe
super_13cr,86.5,4.67,2.64,451.4,0.93,12268.0,0.2404,medium
13cr,72.3,3.67,2.136,426.1,7.68,2887.0,0.5157,high
carbon_steel,55.9,7.08,0.662,333.9,7.57,19552.0,0.2439,medium
duplex_2205,107.7,5.53,4.434,296.6,6.39,11710.0,0.4814,medium
carbon_steel,59.2,8.25,2.254,446.2,7.93,10978.0,0.7493,high
carbon_steel,101.7,6.1,0.981,92.7,4.58,47993.0,1.8497,severe
super_13cr,63.9,8.83,1.845,39.5,7.72,30815.0,0.0537,low
carbon_steel,57.7,4.52,2.077,119.8,1.07,27844.0,0.7395,high
alloy_c276,66.3,8.28,4.139,397.3,3.24,20789.0,0.0051,low
alloy_c276,50.1,7.77,3.671,17.3,2.19,21447.0,0.0019,low
alloy_c276,94.8,7.74,3.849,291.4,1.97,27045.0,0.0149,low
stainless_316,70.3,8.15,0.065,497.7,1.56,34821.0,0.0062,low
carbon_steel,43.2,7.69,2.087,427.8,5.17,35107.0,0.2615,medium
alloy_c276,110.0,6.94,2.412,260.7,6.36,8585.0,0.0224,low
stainless_316,58.4,4.22,0.106,31.8,4.84,25006.0,0.0141,low
titanium,74.4,3.68,1.306,415.7,1.6,20598.0,0.0021,low
titanium,110.6,8.56,3.804,299.5,6.58,43526.0,0.0098,low
alloy_625,82.4,6.89,0.694,57.5,5.27,31571.0,0.0071,low
carbon_steel,31.7,7.88,2.681,46.9,3.41,26625.0,0.1612,medium
stainless_316,114.0,6.15,1.084,454.8,5.56,5770.0,0.3717,medium
alloy_625,82.8,4.15,0.07,334.6,2.45,30282.0,0.0028,low
stainless_316,53.5,4.19,1.214,414.6,3.09,5860.0,0.0558,low
carbon_steel,33.9,7.27,4.88,439.5,7.38,16860.0,0.4078,medium
13cr,99.4,5.87,4.01,285.9,2.68,7142.0,0.4729,medium
alloy_c276,82.0,4.6,4.798,258.7,4.02,34604.0,0.0213,low
duplex_2205,73.3,6.2,2.444,215.2,7.18,10313.0,0.058,low
super_13cr,109.4,3.85,0.558,158.5,5.81,19593.0,0.3356,medium
carbon_steel,98.9,6.7,2.744,217.3,0.97,44784.0,2.9017,severe
super_13cr,35.2,4.98,2.277,386.9,1.6,10216.0,0.0192,low
titanium,51.2,7.89,4.223,301.0,0.56,25390.0,0.001,low
carbon_steel,44.8,5.21,0.499,446.3,5.23,20964.0,0.2,medium
13cr,94.4,6.0,2.446,221.7,3.86,906.0,0.2783,medium
alloy_625,23.4,3.56,0.759,303.5,1.51,39638.0,0.0014,low
duplex_2507,77.0,3.9,1.63,315.7,7.68,3452.0,0.0739,low
duplex_2205,96.2,5.66,3.689,295.8,4.47,23713.0,0.2252,medium
duplex_2205,107.7,6.14,2.385,351.3,2.31,28034.0,0.1647,medium
stainless_316,54.2,6.8,1.886,118.7,4.25,31421.0,0.0296,low
carbon_steel,102.1,5.1,1.978,256.2,5.6,34432.0,4.9825,severe
alloy_825,31.1,7.32,2.303,52.1,1.07,12664.0,0.0029,low
alloy_825,104.6,8.23,3.927,192.3,2.56,499.0,0.0978,low
alloy_625,32.7,7.79,4.462,243.8,6.55,36172.0,0.0034,low
alloy_c276,59.7,3.72,4.777,326.1,3.95,26783.0,0.0119,low
13cr,99.7,6.14,3.937,475.3,4.6,41806.0,0.7618,high
13cr,35.0,4.08,1.584,300.3,3.75,41069.0,0.0633,low
alloy_825,42.9,4.83,3.444,371.8,0.83,42166.0,0.0169,low
super_13cr,92.2,8.93,2.194,253.1,1.74,24255.0,0.1274,medium
duplex_2205,92.0,4.28,1.281,317.1,3.84,16681.0,0.1618,medium
alloy_825,84.1,6.24,4.206,35.5,2.07,39578.0,0.0485,low
alloy_625,89.4,6.9,0.202,127.2,0.87,22565.0,0.0027,low
stainless_316,74.3,7.36,4.51,180.9,6.83,9172.0,0.1717,medium
stainless_316,45.2,6.58,2.313,236.2,7.86,42749.0,0.0369,low
carbon_steel,54.6,3.55,3.19,22.8,6.45,44128.0,1.9423,severe
super_13cr,38.2,5.3,3.3,70.0,6.9,23315.0,0.0414,low
carbon_steel,110.8,6.35,4.477,138.4,2.31,3785.0,4.1282,severe
13cr,78.3,3.98,3.187,485.8,7.7,19391.0,0.9045,high
13cr,60.1,5.43,3.074,165.7,1.98,40177.0,0.1087,medium
carbon_steel,66.2,3.68,0.343,241.0,7.64,45089.0,0.7085,high
super_13cr,114.7,3.93,2.597,98.0,7.96,10174.0,1.4824,severe
carbon_steel,35.3,5.68,0.759,305.4,5.84,3349.0,0.117,medium
carbon_steel,78.6,4.23,3.69,140.3,7.86,43868.0,4.9153,severe
alloy_825,70.6,6.62,2.566,103.5,4.77,19470.0,0.0216,low
stainless_316,81.1,7.29,3.404,258.3,2.45,27088.0,0.1538,medium
carbon_steel,21.8,7.9,0.218,2.8,3.78,48403.0,0.0165,low
13cr,107.2,4.6,0.433,3.8,4.95,3328.0,0.3423,medium
duplex_2507,113.2,4.42,3.584,109.5,1.05,32416.0,0.2743,medium
carbon_steel,76.5,4.08,0.37,18.4,5.17,3705.0,0.6299,high
super_13cr,89.7,7.0,0.366,54.0,7.86,18773.0,0.0465,low
carbon_steel,112.2,7.39,0.07,169.4,1.93,40191.0,0.3616,medium
carbon_steel,90.7,3.67,4.783,401.3,6.44,21674.0,10.0,severe
13cr,35.3,8.65,3.69,286.0,7.31,49859.0,0.0674,low
13cr,77.6,3.79,1.773,256.3,7.58,27953.0,0.6127,high
super_13cr,80.7,6.48,1.49,146.7,7.7,16058.0,0.1071,medium
duplex_2205,62.4,7.4,1.755,465.9,4.41,11006.0,0.0228,low
titanium,93.6,8.29,3.876,198.5,7.83,17526.0,0.006,low
13cr,113.4,7.43,3.31,43.5,6.18,18627.0,0.9116,high
stainless_316,112.6,7.91,0.934,308.5,1.71,3436.0,0.1815,medium
alloy_825,65.1,5.37,0.879,56.9,4.08,18479.0,0.0092,low
carbon_steel,31.3,7.98,0.501,172.6,5.89,23212.0,0.0571,low
stainless_316,118.5,3.94,3.305,253.7,2.36,36137.0,1.6702,severe
carbon_steel,103.9,8.42,3.824,437.1,5.3,32836.0,5.6634,severe
carbon_steel,32.5,6.51,1.333,246.8,5.5,35438.0,0.1277,medium
titanium,112.1,8.0,0.115,351.1,1.72,418.0,0.001,low
alloy_825,107.0,5.99,0.42,496.4,4.74,10883.0,0.0304,low
duplex_2205,71.9,7.04,4.84,65.7,6.29,33084.0,0.0847,low
stainless_316,79.1,6.4,1.484,137.4,4.24,24199.0,0.0795,low
carbon_steel,59.9,7.52,3.848,197.3,0.59,266.0,0.5582,high
carbon_steel,25.5,3.95,3.127,210.9,0.57,40225.0,0.3827,medium
carbon_steel,53.5,3.83,1.916,205.5,3.18,38640.0,0.8174,high
13cr,100.3,4.86,1.036,453.8,7.45,27421.0,0.702,high
duplex_2205,20.5,4.38,0.616,357.0,2.22,3323.0,0.0037,low
duplex_2205,53.3,8.29,3.079,304.0,5.26,38326.0,0.0308,low
carbon_steel,59.8,4.71,3.875,154.7,2.17,29186.0,1.0726,severe
alloy_c276,73.7,8.87,3.223,411.9,2.91,39098.0,0.0051,low
duplex_2507,112.0,5.35,2.656,477.5,6.86,37587.0,0.2426,medium
13cr,54.6,4.5,0.219,410.6,5.97,40150.0,0.0376,low
super_13cr,54.7,7.84,4.843,0.8,1.22,25900.0,0.0362,low
stainless_316,93.8,7.12,3.996,318.2,3.72,7016.0,0.3125,medium
carbon_steel,65.2,6.24,1.471,25.6,0.72,33558.0,0.3271,medium
stainless_316,42.5,6.55,4.9,128.8,4.11,31024.0,0.0378,low
duplex_2507,65.2,7.46,3.013,29.8,5.47,37113.0,0.0219,low
carbon_steel,34.1,4.76,2.916,301.9,1.39,8494.0,0.3732,medium
carbon_steel,37.6,8.98,3.743,343.3,2.67,9749.0,0.2312,medium
carbon_steel,69.8,8.86,4.061,57.2,3.48,44520.0,0.9833,high
carbon_steel,61.9,7.08,3.286,191.9,7.4,37499.0,0.9033,high
alloy_625,111.5,4.6,0.649,228.1,7.95,45411.0,0.0671,low
duplex_2205,56.2,7.24,1.698,184.5,0.84,37936.0,0.013,low
13cr,78.1,3.9,4.641,60.5,6.21,29858.0,0.9433,high
carbon_steel,83.2,3.67,1.131,209.5,3.29,32707.0,2.3495,severe
13cr,21.3,4.92,1.867,375.6,3.44,44456.0,0.0258,low
13cr,86.4,6.04,2.166,35.5,6.16,28940.0,0.2232,medium
carbon_steel,37.8,8.28,2.203,40.1,7.39,31620.0,0.2561,medium
stainless_316,116.1,7.5,3.069,177.4,7.63,7824.0,0.7466,high
stainless_316,34.9,7.58,4.716,470.9,4.83,23696.0,0.032,low
super_13cr,61.5,5.84,1.211,334.3,3.18,35820.0,0.0282,low
super_13cr,28.5,5.4,0.616,339.3,6.41,13547.0,0.0094,low
carbon_steel,119.7,5.54,0.995,181.0,2.38,10113.0,3.3861,severe
stainless_316,70.2,8.93,4.436,296.8,4.73,15691.0,0.1381,medium
super_13cr,79.5,3.72,3.233,5.1,3.19,12075.0,0.2014,medium
13cr,26.7,8.27,1.437,318.0,5.42,10746.0,0.0157,low
alloy_625,95.0,6.68,4.082,456.6,2.3,21243.0,0.0272,low
duplex_2205,41.0,5.91,4.308,306.3,1.94,45392.0,0.0186,low
carbon_steel,109.8,7.49,4.234,436.8,7.39,25353.0,10.0,severe
carbon_steel,40.5,6.18,4.595,362.0,1.26,9396.0,0.3262,medium
super_13cr,39.1,8.3,1.269,60.3,4.29,3849.0,0.0081,low
carbon_steel,23.7,8.45,3.778,451.2,2.16,34808.0,0.1465,medium
super_13cr,67.2,5.82,2.308,33.2,0.79,19140.0,0.0441,low
alloy_c276,76.5,5.02,4.212,267.0,0.77,41092.0,0.0123,low
super_13cr,26.6,6.76,3.645,71.1,1.81,32976.0,0.0114,low
stainless_316,97.6,8.52,3.884,5.9,7.0,39812.0,0.4845,medium
super_13cr,65.3,4.66,3.284,211.0,2.62,13597.0,0.1019,medium
13cr,72.4,6.93,0.895,147.5,7.63,34618.0,0.0945,low
13cr,64.1,6.97,2.73,243.0,4.86,13203.0,0.0952,low
alloy_c276,60.1,7.53,4.924,288.6,3.77,46953.0,0.0037,low
stainless_316,76.0,4.22,4.688,21.9,4.85,31819.0,0.3744,medium
titanium,35.5,7.44,0.225,61.5,4.38,16226.0,0.001,low
alloy_625,38.2,8.5,0.832,279.3,6.19,13476.0,0.0014,low
carbon_steel,106.2,4.49,0.667,171.6,2.62,9546.0,2.6695,severe
carbon_steel,114.6,4.81,3.633,364.6,3.15,34732.0,10.0,severe
carbon_steel,57.3,8.84,4.091,326.1,7.21,10936.0,0.8513,high
carbon_steel,47.1,4.5,1.075,422.8,7.6,29765.0,0.5691,high
carbon_steel,84.4,8.2,2.534,346.2,7.19,13232.0,1.9619,severe
duplex_2205,60.9,6.21,4.205,215.0,3.65,33098.0,0.0389,low
carbon_steel,22.5,4.86,3.667,336.5,6.35,40747.0,0.3418,medium
stainless_316,35.6,8.29,2.716,137.7,4.07,38901.0,0.0201,low
alloy_825,91.6,5.95,2.956,153.2,4.23,38043.0,0.0548,low
carbon_steel,85.9,6.33,2.547,394.5,2.04,9386.0,1.6106,severe
alloy_825,22.7,5.48,1.495,223.2,4.93,4419.0,0.0029,low
carbon_steel,42.2,6.76,2.829,399.2,1.9,34947.0,0.2472,medium
carbon_steel,43.1,4.4,3.448,411.2,2.99,18417.0,0.6881,high
duplex_2205,87.2,5.65,4.368,428.8,6.91,21617.0,0.253,medium
super_13cr,22.0,8.83,3.185,458.3,2.05,1557.0,0.0096,low
alloy_625,30.4,4.92,3.808,215.5,1.03,12979.0,0.0029,low
duplex_2507,100.0,7.11,0.809,159.4,1.02,1684.0,0.0281,low
alloy_825,37.9,5.29,2.313,291.1,7.56,43959.0,0.0144,low
carbon_steel,85.3,7.75,0.057,185.6,4.3,12170.0,0.1343,medium
carbon_steel,43.8,4.22,1.241,300.5,3.57,27867.0,0.4196,medium
duplex_2507,29.9,8.83,3.635,352.8,6.58,1949.0,0.0066,low
alloy_825,44.3,6.0,4.959,344.2,6.77,33342.0,0.0157,low
titanium,92.2,4.8,0.505,187.3,2.99,16151.0,0.0015,low
stainless_316,105.6,3.9,2.013,83.4,5.7,44896.0,0.9711,high
stainless_316,103.0,4.43,4.002,215.3,6.28,44406.0,1.4036,severe
duplex_2507,59.7,6.36,1.028,71.3,5.41,16265.0,0.0069,low
stainless_316,86.8,5.35,2.78,445.0,1.64,45048.0,0.3011,medium
alloy_c276,40.5,8.06,3.668,172.9,7.07,49808.0,0.0025,low
alloy_625,49.3,5.87,3.084,77.2,4.54,41271.0,0.0039,low
stainless_316,109.6,4.87,0.948,12.7,2.62,42244.0,0.3562,medium
duplex_2507,21.3,6.89,1.783,322.9,3.69,12450.0,0.002,low
duplex_2507,28.6,7.39,3.921,318.5,0.78,28835.0,0.0049,low
carbon_steel,40.8,4.42,2.776,170.3,1.46,3363.0,0.4402,medium
alloy_625,22.7,4.42,0.036,35.9,6.24,4746.0,0.001,low
13cr,38.1,3.7,3.807,204.8,0.5,49945.0,0.1273,medium
alloy_825,78.3,7.55,0.186,155.6,3.62,16332.0,0.0042,low
stainless_316,62.1,7.15,3.731,338.6,4.42,37409.0,0.092,low
alloy_625,109.3,6.11,1.02,302.9,0.91,40333.0,0.0204,low
stainless_316,101.7,8.14,4.791,182.3,7.8,42901.0,0.7197,high
carbon_steel,54.2,7.93,1.846,108.9,2.2,49881.0,0.2721,medium
alloy_625,45.9,6.72,1.641,494.0,2.78,12075.0,0.0021,low
carbon_steel,58.0,8.28,0.753,227.0,2.78,2018.0,0.1543,medium
stainless_316,79.0,4.63,1.535,344.1,2.23,20560.0,0.1414,medium
alloy_c276,46.8,4.12,4.384,70.3,0.51,6504.0,0.0038,low
alloy_c276,82.4,4.98,4.982,242.8,5.97,1121.0,0.0196,low
super_13cr,60.9,3.81,1.848,13.8,7.75,18021.0,0.1277,medium
super_13cr,75.2,6.42,2.249,252.7,2.18,39187.0,0.0746,low
stainless_316,63.6,8.65,3.613,482.0,5.47,28309.0,0.0997,low
carbon_steel,49.4,3.72,4.432,192.1,6.06,15639.0,1.7789,severe
stainless_316,114.8,4.17,2.969,19.5,6.86,32717.0,1.5787,severe
duplex_2205,96.4,5.99,1.964,15.5,3.67,11601.0,0.0888,low
duplex_2507,34.0,8.64,2.069,194.0,2.77,719.0,0.0034,low
alloy_825,106.8,5.24,3.481,80.0,2.94,38218.0,0.172,medium
duplex_2507,68.7,6.29,0.026,11.7,5.84,31187.0,0.001,low
carbon_steel,109.5,3.73,3.102,378.1,6.63,38115.0,10.0,severe
13cr,100.0,4.32,1.784,229.3,1.86,1947.0,0.5812,high
carbon_steel,62.5,8.93,3.973,144.6,3.28,41856.0,0.8017,high
13cr,22.2,8.81,0.474,450.0,7.26,30976.0,0.0074,low
stainless_316,46.9,3.53,2.945,58.1,6.55,28170.0,0.1271,medium
alloy_625,74.2,8.73,2.41,478.0,7.89,31231.0,0.0172,low
stainless_316,83.3,7.02,3.215,157.0,6.16,43222.0,0.2367,medium
carbon_steel,45.8,8.27,0.334,444.2,3.45,29347.0,0.07,low
carbon_steel,33.9,6.0,2.904,301.5,4.93,29048.0,0.2661,medium
duplex_2507,103.5,6.34,2.812,413.4,5.46,49534.0,0.1108,medium
super_13cr,118.4,6.19,2.808,492.0,1.09,37837.0,0.4695,medium
carbon_steel,72.6,7.17,3.021,144.2,4.58,22115.0,0.9509,high
carbon_steel,37.2,4.27,3.386,480.6,5.82,35370.0,0.8245,high
duplex_2205,47.2,3.66,4.027,194.7,1.75,19462.0,0.0514,low
carbon_steel,21.8,5.19,1.356,192.8,6.35,11444.0,0.1381,medium
alloy_825,111.4,7.38,4.127,170.2,4.88,29843.0,0.1462,medium
duplex_2205,31.8,4.61,2.496,270.7,7.64,46409.0,0.0254,low
carbon_steel,77.7,7.2,0.395,77.1,0.82,46457.0,0.2752,medium
carbon_steel,47.4,8.83,0.302,276.9,2.49,17095.0,0.0699,low
titanium,75.4,4.02,1.678,270.9,5.01,26384.0,0.0033,low
stainless_316,85.1,7.2,3.927,381.0,2.72,10582.0,0.1637,medium
stainless_316,103.0,5.94,3.541,416.8,5.86,49782.0,0.5952,high
alloy_825,40.6,8.27,3.945,220.2,6.19,49056.0,0.0099,low
alloy_c276,21.1,4.47,2.591,151.2,1.27,32475.0,0.001,low
titanium,33.7,7.31,2.207,129.7,4.35,40221.0,0.001,low
duplex_2507,110.0,8.11,0.746,97.3,4.32,35755.0,0.0465,low
stainless_316,107.4,8.7,1.648,28.8,3.27,29658.0,0.2052,medium
carbon_steel,79.7,7.26,2.176,171.2,7.5,2667.0,1.3427,severe
duplex_2507,80.1,6.23,0.452,135.1,6.71,22738.0,0.0109,low
13cr,86.5,6.9,1.111,483.2,5.73,33739.0,0.2258,medium
stainless_316,37.5,8.28,2.995,278.9,5.86,33877.0,0.0355,low
alloy_625,111.4,6.64,3.681,173.6,3.96,18656.0,0.0462,low
carbon_steel,61.9,3.67,4.992,290.2,7.41,47085.0,3.6434,severe
13cr,58.3,8.62,4.666,69.6,5.71,8368.0,0.1233,medium
carbon_steel,71.9,7.29,3.216,222.0,5.97,25018.0,1.4559,severe
13cr,24.7,7.22,2.112,313.1,6.96,34544.0,0.0237,low
carbon_steel,36.6,4.69,3.185,244.4,2.56,34857.0,0.3816,medium
carbon_steel,93.8,7.12,3.93,200.9,6.55,32432.0,3.4666,severe
carbon_steel,28.3,5.67,0.6,496.9,1.96,13764.0,0.0671,low
super_13cr,80.3,7.08,2.055,440.2,3.09,7810.0,0.074,low
duplex_2507,44.5,4.09,4.201,311.7,3.02,31797.0,0.0198,low
super_13cr,58.9,7.12,1.925,284.7,7.84,29965.0,0.048,low
titanium,48.9,9.0,2.864,310.3,6.92,8968.0,0.001,low
stainless_316,55.6,3.77,2.943,100.7,5.76,35257.0,0.1683,medium
carbon_steel,91.9,8.87,0.931,197.6,5.95,22759.0,1.2149,severe
alloy_625,49.7,5.74,1.818,19.7,4.72,33388.0,0.0028,low
carbon_steel,76.6,8.29,1.679,237.8,7.6,41868.0,1.3288,severe
titanium,67.6,7.8,0.141,271.5,4.22,8486.0,0.001,low
carbon_steel,86.4,6.62,0.131,113.9,3.35,957.0,0.2027,medium
titanium,113.7,7.56,4.16,482.0,1.72,38955.0,0.0085,low
carbon_steel,93.3,8.33,1.373,454.7,6.4,30485.0,2.0155,severe
alloy_625,41.5,5.72,2.595,361.1,6.01,34982.0,0.0046,low
13cr,23.1,5.3,1.501,266.7,3.38,41908.0,0.0174,low
titanium,46.2,7.17,4.704,435.0,0.69,40141.0,0.001,low
carbon_steel,79.5,7.94,1.304,65.3,6.79,48046.0,1.0275,severe
13cr,25.1,7.69,2.154,395.3,0.59,26797.0,0.0162,low
titanium,69.6,7.89,4.365,62.4,5.78,24425.0,0.0014,low
13cr,79.7,5.9,4.211,397.1,7.78,20094.0,0.443,medium
super_13cr,53.4,8.0,0.939,137.9,3.78,7685.0,0.0144,low
duplex_2205,97.1,4.16,4.015,438.5,2.26,28630.0,0.4536,medium
13cr,30.7,6.49,2.296,472.0,5.79,13851.0,0.0272,low
super_13cr,27.5,3.53,2.42,74.4,6.63,46065.0,0.0364,low
super_13cr,92.8,5.29,0.676,231.3,4.6,29160.0,0.1248,medium
alloy_625,69.5,5.52,0.412,490.5,7.75,29642.0,0.0063,low
carbon_steel,88.8,5.68,3.642,241.7,0.89,17746.0,2.1885,severe
carbon_steel,63.5,7.33,2.487,431.8,4.29,2599.0,0.6052,high
alloy_c276,44.6,5.64,2.19,294.4,5.89,1587.0,0.0018,low
alloy_625,101.9,5.97,3.65,187.7,6.97,21167.0,0.059,low
13cr,99.9,4.81,3.83,142.9,1.84,4228.0,0.7307,high
super_13cr,89.5,5.55,0.803,101.6,6.5,30342.0,0.1016,medium
carbon_steel,47.2,4.75,3.055,380.9,4.65,44049.0,0.9446,high
carbon_steel,79.0,3.9,0.685,193.3,3.47,44146.0,1.1393,severe
13cr,56.1,6.82,3.759,255.6,1.49,32952.0,0.0762,low
stainless_316,29.2,7.18,3.288,246.2,6.99,10562.0,0.0231,low
super_13cr,111.7,6.91,4.784,288.6,1.68,43150.0,0.4505,medium
carbon_steel,33.7,6.05,0.354,432.8,2.82,44305.0,0.048,low
titanium,115.0,5.59,0.295,490.4,2.68,9833.0,0.0018,low
titanium,64.6,8.25,1.418,203.8,7.04,36871.0,0.001,low
